Customer ID,Customer Name,Segment,Country,City,State,Postal Code,Region
CG-12520,Alan Schoenberger,Corporate,United States,Provo,Utah,84604,West
DV-13045,Cathy Prescott,Corporate,United States,Lakewood,Ohio,44107,East
SO-20335,Cindy Chapman,Consumer,United States,Houston,Texas,77070,Central
BH-11710,Alejandro Grove,Consumer,United States,West Jordan,Utah,84084,West
AA-10480,Andrew Allen,Consumer,United States,Middletown,Connecticut,6457,East
IM-15070,Anne Pryor,Home Office,United States,Frisco,Texas,75034,Central
HP-14815,Anne Pryor,Home Office,United States,Frisco,Texas,75034,Central
PK-19075,Keith Herrera,Consumer,United States,Pomona,California,91767,West
AG-10270,Alejandro Grove,Consumer,United States,West Jordan,Utah,84084,West
ZD-21925,Chris Cortes,Consumer,United States,Westminster,California,92683,West
KB-16585,Darren Budd,Corporate,United States,Los Angeles,California,90004,West
SF-20065,Brendan Murry,Corporate,United States,Los Angeles,California,90045,West
EB-13870,Cathy Prescott,Corporate,United States,Lakewood,Ohio,44107,East
EH-13945,Cathy Prescott,Corporate,United States,Lakewood,Ohio,44107,East
TB-21520,Cindy Chapman,Consumer,United States,Houston,Texas,77070,Central
MA-17560,Keith Herrera,Consumer,United States,Pomona,California,91767,West
GH-14485,Anne Pryor,Home Office,United States,Frisco,Texas,75034,Central
SN-20710,Cindy Chapman,Consumer,United States,Houston,Texas,77070,Central
LC-16930,Brendan Sweed,Corporate,United States,Philadelphia,Pennsylvania,19140,East
RA-19885,Maribeth Yedwab,Corporate,United States,San Antonio,Texas,78207,Central
ES-14080,Cathy Prescott,Corporate,United States,Lakewood,Ohio,44107,East
ON-18715,Keith Herrera,Consumer,United States,Pomona,California,91767,West
PO-18865,Keith Herrera,Consumer,United States,Pomona,California,91767,West
LH-16900,Brendan Sweed,Corporate,United States,Philadelphia,Pennsylvania,19140,East
DP-13000,Cathy Prescott,Corporate,United States,Lakewood,Ohio,44107,East
JM-15265,Darren Budd,Corporate,United States,Los Angeles,California,90004,West
TB-21055,Cindy Chapman,Consumer,United States,Houston,Texas,77070,Central
KM-16720,Darren Budd,Corporate,United States,Los Angeles,California,90004,West
PS-18970,Cindy Stewart,Consumer,United States,Los Angeles,California,90036,West
BS-11590,Adam Bellavance,Home Office,United States,New York City,New York,10009,East
KD-16270,Darren Budd,Corporate,United States,Los Angeles,California,90004,West
HM-14980,Anne Pryor,Home Office,United States,Frisco,Texas,75034,Central
JE-15745,Alejandro Ballentine,Home Office,United States,Philadelphia,Pennsylvania,19134,East
KB-16600,Darren Budd,Corporate,United States,Los Angeles,California,90004,West
SC-20770,Brendan Murry,Corporate,United States,Los Angeles,California,90045,West
DN-13690,Cathy Prescott,Corporate,United States,Lakewood,Ohio,44107,East
JC-16105,Anne Pryor,Home Office,United States,Frisco,Texas,75034,Central
CS-12400,Cathy Prescott,Corporate,United States,Lakewood,Ohio,44107,East
PG-18895,Keith Herrera,Consumer,United States,Pomona,California,91767,West
GM-14455,Anne Pryor,Home Office,United States,Frisco,Texas,75034,Central
JS-15685,Darren Budd,Corporate,United States,Los Angeles,California,90004,West
KB-16315,Darren Budd,Corporate,United States,Los Angeles,California,90004,West
RB-19705,Maribeth Yedwab,Corporate,United States,San Antonio,Texas,78207,Central
PN-18775,Keith Herrera,Consumer,United States,Pomona,California,91767,West
KD-16345,Darren Budd,Corporate,United States,Los Angeles,California,90004,West
ER-13855,Cathy Prescott,Corporate,United States,Lakewood,Ohio,44107,East
RB-19465,Maribeth Yedwab,Corporate,United States,San Antonio,Texas,78207,Central
GZ-14470,Anne Pryor,Home Office,United States,Frisco,Texas,75034,Central
LC-16870,Brendan Sweed,Corporate,United States,Philadelphia,Pennsylvania,19140,East
JM-15250,Darren Budd,Corporate,United States,Los Angeles,California,90004,West
PA-19060,Keith Herrera,Consumer,United States,Pomona,California,91767,West
CV-12805,Cathy Prescott,Corporate,United States,Lakewood,Ohio,44107,East
CL-12565,Alan Schoenberger,Corporate,United States,Provo,Utah,84604,West
RC-19960,Maribeth Yedwab,Corporate,United States,San Antonio,Texas,78207,Central
DK-13090,Cathy Prescott,Corporate,United States,Lakewood,Ohio,44107,East
GG-14650,Anne Pryor,Home Office,United States,Frisco,Texas,75034,Central
SC-20725,Brendan Murry,Corporate,United States,Los Angeles,California,90045,West
AD-10180,Alan Dominguez,Home Office,United States,Yonkers,New York,10701,East
PF-19165,Keith Herrera,Consumer,United States,Pomona,California,91767,West
TS-21610,Chris Cortes,Consumer,United States,Westminster,California,92683,West
LS-16975,Lindsay Shagiari,Home Office,United States,Chicago,Illinois,60653,Central
DW-13585,Cathy Prescott,Corporate,United States,Lakewood,Ohio,44107,East
LC-16885,Brendan Sweed,Corporate,United States,Philadelphia,Pennsylvania,19140,East
JD-15895,Anne Pryor,Home Office,United States,Frisco,Texas,75034,Central
SH-19975,Brendan Murry,Corporate,United States,Los Angeles,California,90045,West
SG-20080,Brendan Murry,Corporate,United States,Los Angeles,California,90045,West
HA-14920,Anne Pryor,Home Office,United States,Frisco,Texas,75034,Central
MG-17680,Keith Herrera,Consumer,United States,Pomona,California,91767,West
JE-16165,Alejandro Ballentine,Home Office,United States,Philadelphia,Pennsylvania,19134,East
TW-21025,Chris Cortes,Consumer,United States,Westminster,California,92683,West
SP-20650,Cindy Chapman,Consumer,United States,Houston,Texas,77070,Central
NK-18490,Keith Herrera,Consumer,United States,Pomona,California,91767,West
DB-13060,Cathy Prescott,Corporate,United States,Lakewood,Ohio,44107,East
NP-18670,Keith Herrera,Consumer,United States,Pomona,California,91767,West
TT-21070,Chris Cortes,Consumer,United States,Westminster,California,92683,West
EM-13960,Cathy Prescott,Corporate,United States,Lakewood,Ohio,44107,East
RD-19900,Maribeth Yedwab,Corporate,United States,San Antonio,Texas,78207,Central
MJ-17740,Keith Herrera,Consumer,United States,Pomona,California,91767,West
BM-11140,Alejandro Grove,Consumer,United States,West Jordan,Utah,84084,West
CS-12130,Chad Sievert,Consumer,United States,Englewood,Colorado,80112,West
JB-15400,Anne Pryor,Home Office,United States,Frisco,Texas,75034,Central
SJ-20500,Brendan Murry,Corporate,United States,Los Angeles,California,90045,West
JK-15640,Darren Budd,Corporate,United States,Los Angeles,California,90004,West
DK-13150,Cathy Prescott,Corporate,United States,Lakewood,Ohio,44107,East
RM-19675,Maribeth Yedwab,Corporate,United States,San Antonio,Texas,78207,Central
SK-19990,Brendan Murry,Corporate,United States,Los Angeles,California,90045,West
FM-14290,Bruce Degenhardt,Consumer,United States,Newark,Ohio,43055,East
AM-10360,Alejandro Grove,Consumer,United States,West Jordan,Utah,84084,West
MP-17470,Keith Herrera,Consumer,United States,Pomona,California,91767,West
MZ-17515,Keith Herrera,Consumer,United States,Pomona,California,91767,West
CB-12025,Alan Schoenberger,Corporate,United States,Provo,Utah,84604,West
VM-21685,Chris Cortes,Consumer,United States,Westminster,California,92683,West
FH-14365,Bruce Degenhardt,Consumer,United States,Newark,Ohio,43055,East
MB-17305,Keith Herrera,Consumer,United States,Pomona,California,91767,West
BS-11755,Adam Bellavance,Home Office,United States,New York City,New York,10009,East
LC-17140,Brendan Sweed,Corporate,United States,Philadelphia,Pennsylvania,19140,East
HK-14890,Anne Pryor,Home Office,United States,Frisco,Texas,75034,Central
LE-16810,Brendan Sweed,Corporate,United States,Philadelphia,Pennsylvania,19140,East
JH-15985,Joseph Holt,Consumer,United States,Seattle,Washington,98103,West
MS-17980,Keith Herrera,Consumer,United States,Pomona,California,91767,West
VW-21775,Chris Cortes,Consumer,United States,Westminster,California,92683,West
JH-15910,Alejandro Ballentine,Home Office,United States,Philadelphia,Pennsylvania,19134,East
JB-15925,Anne Pryor,Home Office,United States,Frisco,Texas,75034,Central
DS-13180,Cathy Prescott,Corporate,United States,Lakewood,Ohio,44107,East
VD-21670,Chris Cortes,Consumer,United States,Westminster,California,92683,West
EA-14035,Cathy Prescott,Corporate,United States,Lakewood,Ohio,44107,East
DB-13120,Cathy Prescott,Corporate,United States,Lakewood,Ohio,44107,East
KL-16645,Darren Budd,Corporate,United States,Los Angeles,California,90004,West
DW-13480,Cathy Prescott,Corporate,United States,Lakewood,Ohio,44107,East
LH-17155,Brendan Sweed,Corporate,United States,Philadelphia,Pennsylvania,19140,East
KC-16540,Darren Budd,Corporate,United States,Los Angeles,California,90004,West
DL-13315,Cathy Prescott,Corporate,United States,Lakewood,Ohio,44107,East
DR-12880,Cathy Prescott,Corporate,United States,Lakewood,Ohio,44107,East
CC-12670,Alan Schoenberger,Corporate,United States,Provo,Utah,84604,West
Dl-13600,Cathy Prescott,Corporate,United States,Lakewood,Ohio,44107,East
SB-20290,Maribeth Yedwab,Corporate,United States,San Antonio,Texas,78207,Central
RC-19825,Maribeth Yedwab,Corporate,United States,San Antonio,Texas,78207,Central
AH-10210,Alejandro Grove,Consumer,United States,West Jordan,Utah,84084,West
CB-12535,Alan Schoenberger,Corporate,United States,Provo,Utah,84604,West
CA-12310,Alan Schoenberger,Corporate,United States,Provo,Utah,84604,West
KH-16690,Darren Budd,Corporate,United States,Los Angeles,California,90004,West
BB-10990,Alejandro Grove,Consumer,United States,West Jordan,Utah,84084,West
AG-10495,Alejandro Grove,Consumer,United States,West Jordan,Utah,84084,West
JO-15280,Darren Budd,Corporate,United States,Los Angeles,California,90004,West
AH-10195,Alejandro Grove,Consumer,United States,West Jordan,Utah,84084,West
NZ-18565,Keith Herrera,Consumer,United States,Pomona,California,91767,West
KL-16555,Darren Budd,Corporate,United States,Los Angeles,California,90004,West
AS-10225,Alejandro Grove,Consumer,United States,West Jordan,Utah,84084,West
CR-12625,Craig Leslie,Home Office,United States,Springfield,Missouri,65807,Central
SH-20395,Brendan Murry,Corporate,United States,Los Angeles,California,90045,West
BP-11185,Ben Peterman,Corporate,United States,Arvada,Colorado,80004,West
TS-21205,Chris Cortes,Consumer,United States,Westminster,California,92683,West
AG-10525,Alejandro Grove,Consumer,United States,West Jordan,Utah,84084,West
SP-20860,Cindy Chapman,Consumer,United States,Houston,Texas,77070,Central
NM-18445,Keith Herrera,Consumer,United States,Pomona,California,91767,West
FA-14230,Cathy Prescott,Corporate,United States,Lakewood,Ohio,44107,East
GK-14620,Anne Pryor,Home Office,United States,Frisco,Texas,75034,Central
DJ-13510,Cathy Prescott,Corporate,United States,Lakewood,Ohio,44107,East
PO-18850,Keith Herrera,Consumer,United States,Pomona,California,91767,West
JL-15850,Darren Budd,Corporate,United States,Los Angeles,California,90004,West
DB-13615,Cathy Prescott,Corporate,United States,Lakewood,Ohio,44107,East
AC-10420,Alyssa Crouse,Corporate,United States,Philadelphia,Pennsylvania,19120,East
CC-12550,Alan Schoenberger,Corporate,United States,Provo,Utah,84604,West
TD-20995,Katherine Nockton,Corporate,United States,Santa Barbara,California,93101,West
AB-10060,Adam Bellavance,Home Office,United States,Seattle,Washington,98105,West
JL-15505,Darren Budd,Corporate,United States,Los Angeles,California,90004,West
VB-21745,Chris Cortes,Consumer,United States,Westminster,California,92683,West
KW-16435,Brendan Sweed,Corporate,United States,Philadelphia,Pennsylvania,19140,East
JD-16060,Anne Pryor,Home Office,United States,Frisco,Texas,75034,Central
MK-17905,Keith Herrera,Consumer,United States,Pomona,California,91767,West
GT-14755,Anne Pryor,Home Office,United States,Frisco,Texas,75034,Central
AG-10900,Alejandro Grove,Consumer,United States,West Jordan,Utah,84084,West
MM-18280,Keith Herrera,Consumer,United States,Pomona,California,91767,West
AR-10405,Alejandro Grove,Consumer,United States,West Jordan,Utah,84084,West
RA-19915,Maribeth Yedwab,Corporate,United States,San Antonio,Texas,78207,Central
AS-10285,Alejandro Grove,Consumer,United States,West Jordan,Utah,84084,West
LA-16780,Brendan Sweed,Corporate,United States,Philadelphia,Pennsylvania,19140,East
DO-13435,Cathy Prescott,Corporate,United States,Lakewood,Ohio,44107,East
DK-13225,Cathy Prescott,Corporate,United States,Lakewood,Ohio,44107,East
NG-18430,Keith Herrera,Consumer,United States,Pomona,California,91767,West
MV-18190,Keith Herrera,Consumer,United States,Pomona,California,91767,West
JG-15115,Alejandro Ballentine,Home Office,United States,Philadelphia,Pennsylvania,19134,East
BP-11095,Alejandro Grove,Consumer,United States,West Jordan,Utah,84084,West
VP-21730,Chris Cortes,Consumer,United States,Westminster,California,92683,West
SS-20140,Cindy Chapman,Consumer,United States,Houston,Texas,77070,Central
AG-10675,Alejandro Grove,Consumer,United States,West Jordan,Utah,84084,West
LF-17185,Brendan Sweed,Corporate,United States,Philadelphia,Pennsylvania,19140,East
RF-19840,Maribeth Yedwab,Corporate,United States,San Antonio,Texas,78207,Central
KH-16510,Darren Budd,Corporate,United States,Los Angeles,California,90004,West
KC-16675,Darren Budd,Corporate,United States,Los Angeles,California,90004,West
CJ-12010,Alan Schoenberger,Corporate,United States,Provo,Utah,84604,West
PB-19150,Keith Herrera,Consumer,United States,Pomona,California,91767,West
MP-17965,Keith Herrera,Consumer,United States,Pomona,California,91767,West
NF-18385,Keith Herrera,Consumer,United States,Pomona,California,91767,West
SD-20485,Brendan Murry,Corporate,United States,Los Angeles,California,90045,West
KH-16630,Darren Budd,Corporate,United States,Los Angeles,California,90004,West
RB-19795,Maribeth Yedwab,Corporate,United States,San Antonio,Texas,78207,Central
MK-18160,Keith Herrera,Consumer,United States,Pomona,California,91767,West
PO-19180,Keith Herrera,Consumer,United States,Pomona,California,91767,West
BB-11545,Alejandro Grove,Consumer,United States,West Jordan,Utah,84084,West
TB-21595,Cindy Chapman,Consumer,United States,Houston,Texas,77070,Central
RB-19360,Maribeth Yedwab,Corporate,United States,San Antonio,Texas,78207,Central
EB-13705,Cathy Prescott,Corporate,United States,Lakewood,Ohio,44107,East
SC-20095,Maribeth Yedwab,Corporate,United States,San Antonio,Texas,78207,Central
TN-21040,Chris Cortes,Consumer,United States,Westminster,California,92683,West
JS-15940,Darren Budd,Corporate,United States,Los Angeles,California,90004,West
MH-17785,Keith Herrera,Consumer,United States,Pomona,California,91767,West
JP-15520,Darren Budd,Corporate,United States,Los Angeles,California,90004,West
JE-15475,Anne Pryor,Home Office,United States,Frisco,Texas,75034,Central
JG-15805,Alejandro Ballentine,Home Office,United States,Philadelphia,Pennsylvania,19134,East
XP-21865,Chris Cortes,Consumer,United States,Westminster,California,92683,West
EM-14065,Cathy Prescott,Corporate,United States,Lakewood,Ohio,44107,East
MT-18070,Keith Herrera,Consumer,United States,Pomona,California,91767,West
SA-20830,Maribeth Yedwab,Corporate,United States,San Antonio,Texas,78207,Central
CW-11905,Cathy Prescott,Corporate,United States,Lakewood,Ohio,44107,East
AJ-10960,Alejandro Grove,Consumer,United States,West Jordan,Utah,84084,West
SS-20590,Cindy Chapman,Consumer,United States,Houston,Texas,77070,Central
RO-19780,Maribeth Yedwab,Corporate,United States,San Antonio,Texas,78207,Central
MD-17350,Keith Herrera,Consumer,United States,Pomona,California,91767,West
MY-17380,Keith Herrera,Consumer,United States,Pomona,California,91767,West
CM-12385,Craig Leslie,Home Office,United States,Springfield,Missouri,65807,Central
LS-17245,Christine Sundaresam,Consumer,United States,Fairfield,Connecticut,6824,East
BN-11515,Alejandro Grove,Consumer,United States,West Jordan,Utah,84084,West
DB-13210,Cathy Prescott,Corporate,United States,Lakewood,Ohio,44107,East
MC-17605,Keith Herrera,Consumer,United States,Pomona,California,91767,West
BD-11605,Alejandro Grove,Consumer,United States,West Jordan,Utah,84084,West
PH-18790,Keith Herrera,Consumer,United States,Pomona,California,91767,West
MG-18145,Keith Herrera,Consumer,United States,Pomona,California,91767,West
KB-16240,Darren Budd,Corporate,United States,Los Angeles,California,90004,West
JC-15340,Anne Pryor,Home Office,United States,Frisco,Texas,75034,Central
RL-19615,Maribeth Yedwab,Corporate,United States,San Antonio,Texas,78207,Central
AA-10375,Allen Armold,Consumer,United States,Providence,Rhode Island,2908,East
EP-13915,Cathy Prescott,Corporate,United States,Lakewood,Ohio,44107,East
DK-12985,Cathy Prescott,Corporate,United States,Lakewood,Ohio,44107,East
BD-11500,Alejandro Grove,Consumer,United States,West Jordan,Utah,84084,West
LM-17065,Brendan Sweed,Corporate,United States,Philadelphia,Pennsylvania,19140,East
AS-10135,Alejandro Grove,Consumer,United States,West Jordan,Utah,84084,West
BD-11320,Alejandro Grove,Consumer,United States,West Jordan,Utah,84084,West
GT-14710,Anne Pryor,Home Office,United States,Frisco,Texas,75034,Central
AJ-10945,Alejandro Grove,Consumer,United States,West Jordan,Utah,84084,West
OT-18730,Keith Herrera,Consumer,United States,Pomona,California,91767,West
LP-17080,Brendan Sweed,Corporate,United States,Philadelphia,Pennsylvania,19140,East
CA-12775,Alan Schoenberger,Corporate,United States,Provo,Utah,84604,West
JF-15490,Alejandro Ballentine,Home Office,United States,Philadelphia,Pennsylvania,19134,East
FP-14320,Anne Pryor,Home Office,United States,Frisco,Texas,75034,Central
EB-13840,Cathy Prescott,Corporate,United States,Lakewood,Ohio,44107,East
JF-15415,Alejandro Ballentine,Home Office,United States,Philadelphia,Pennsylvania,19134,East
SF-20200,Brendan Murry,Corporate,United States,Los Angeles,California,90045,West
TG-21640,Katherine Nockton,Corporate,United States,Santa Barbara,California,93101,West
CS-11950,Craig Leslie,Home Office,United States,Springfield,Missouri,65807,Central
CC-12145,Alan Schoenberger,Corporate,United States,Provo,Utah,84604,West
DV-13465,Cathy Prescott,Corporate,United States,Lakewood,Ohio,44107,East
BD-11725,Alejandro Grove,Consumer,United States,West Jordan,Utah,84084,West
ZC-21910,Chris Cortes,Consumer,United States,Westminster,California,92683,West
MS-17830,Keith Herrera,Consumer,United States,Pomona,California,91767,West
LR-16915,Brendan Sweed,Corporate,United States,Philadelphia,Pennsylvania,19140,East
TP-21130,Chris Cortes,Consumer,United States,Westminster,California,92683,West
CK-12205,Alan Schoenberger,Corporate,United States,Provo,Utah,84604,West
AS-10240,Alejandro Grove,Consumer,United States,West Jordan,Utah,84084,West
AR-10510,Alejandro Grove,Consumer,United States,West Jordan,Utah,84084,West
NB-18655,Keith Herrera,Consumer,United States,Pomona,California,91767,West
GD-14590,Anne Pryor,Home Office,United States,Frisco,Texas,75034,Central
CK-12595,Alan Schoenberger,Corporate,United States,Provo,Utah,84604,West
NG-18355,Keith Herrera,Consumer,United States,Pomona,California,91767,West
CA-12265,Alan Schoenberger,Corporate,United States,Provo,Utah,84604,West
SF-20965,Brendan Murry,Corporate,United States,Los Angeles,California,90045,West
MO-17800,Keith Herrera,Consumer,United States,Pomona,California,91767,West
AT-10735,Alejandro Grove,Consumer,United States,West Jordan,Utah,84084,West
FM-14380,Fred McMath,Consumer,United States,Jacksonville,North Carolina,28540,South
DJ-13420,Cathy Prescott,Corporate,United States,Lakewood,Ohio,44107,East
ME-17725,Keith Herrera,Consumer,United States,Pomona,California,91767,West
JD-16150,Anne Pryor,Home Office,United States,Frisco,Texas,75034,Central
JL-15835,Darren Budd,Corporate,United States,Los Angeles,California,90004,West
SC-20305,Brendan Murry,Corporate,United States,Los Angeles,California,90045,West
CC-12430,Alan Schoenberger,Corporate,United States,Provo,Utah,84604,West
AR-10825,Alejandro Grove,Consumer,United States,West Jordan,Utah,84084,West
SR-20740,Cindy Chapman,Consumer,United States,Houston,Texas,77070,Central
CR-12730,Craig Leslie,Home Office,United States,Springfield,Missouri,65807,Central
EH-14125,Cathy Prescott,Corporate,United States,Lakewood,Ohio,44107,East
SP-20545,Cindy Chapman,Consumer,United States,Houston,Texas,77070,Central
TH-21235,Katherine Nockton,Corporate,United States,Santa Barbara,California,93101,West
RP-19390,Maribeth Yedwab,Corporate,United States,San Antonio,Texas,78207,Central
RB-19570,Maribeth Yedwab,Corporate,United States,San Antonio,Texas,78207,Central
CD-11980,Alan Schoenberger,Corporate,United States,Provo,Utah,84604,West
DJ-13630,Cathy Prescott,Corporate,United States,Lakewood,Ohio,44107,East
GT-14635,Anne Pryor,Home Office,United States,Frisco,Texas,75034,Central
MC-17845,Keith Herrera,Consumer,United States,Pomona,California,91767,West
RA-19285,Maribeth Yedwab,Corporate,United States,San Antonio,Texas,78207,Central
NP-18325,Keith Herrera,Consumer,United States,Pomona,California,91767,West
AB-10165,Alan Barnes,Consumer,United States,Los Angeles,California,90036,West
JO-15550,Darren Budd,Corporate,United States,Los Angeles,California,90004,West
JK-15370,Darren Budd,Corporate,United States,Los Angeles,California,90004,West
BN-11470,Alejandro Grove,Consumer,United States,West Jordan,Utah,84084,West
DP-13165,Cathy Prescott,Corporate,United States,Lakewood,Ohio,44107,East
TH-21550,Katherine Nockton,Corporate,United States,Santa Barbara,California,93101,West
AP-10915,Alejandro Grove,Consumer,United States,West Jordan,Utah,84084,West
RS-19765,Maribeth Yedwab,Corporate,United States,San Antonio,Texas,78207,Central
SV-20365,Cindy Chapman,Consumer,United States,Houston,Texas,77070,Central
CK-12325,Alan Schoenberger,Corporate,United States,Provo,Utah,84604,West
RD-19810,Maribeth Yedwab,Corporate,United States,San Antonio,Texas,78207,Central
MR-17545,Keith Herrera,Consumer,United States,Pomona,California,91767,West
SC-20695,Brendan Murry,Corporate,United States,Los Angeles,California,90045,West
JF-15355,Alejandro Ballentine,Home Office,United States,Philadelphia,Pennsylvania,19134,East
EG-13900,Cathy Prescott,Corporate,United States,Lakewood,Ohio,44107,East
DS-13030,Cathy Prescott,Corporate,United States,Lakewood,Ohio,44107,East
PO-19195,Keith Herrera,Consumer,United States,Pomona,California,91767,West
SS-20875,Cindy Chapman,Consumer,United States,Houston,Texas,77070,Central
PB-19105,Keith Herrera,Consumer,United States,Pomona,California,91767,West
RF-19735,Maribeth Yedwab,Corporate,United States,San Antonio,Texas,78207,Central
YC-21895,Chris Cortes,Consumer,United States,Westminster,California,92683,West
DC-13285,Cathy Prescott,Corporate,United States,Lakewood,Ohio,44107,East
CP-12340,Craig Leslie,Home Office,United States,Springfield,Missouri,65807,Central
BF-11020,Alejandro Grove,Consumer,United States,West Jordan,Utah,84084,West
LH-17020,Brendan Sweed,Corporate,United States,Philadelphia,Pennsylvania,19140,East
CS-12250,Cathy Prescott,Corporate,United States,Lakewood,Ohio,44107,East
AJ-10795,Alejandro Grove,Consumer,United States,West Jordan,Utah,84084,West
BV-11245,Alan Schoenberger,Corporate,United States,Provo,Utah,84604,West
DL-12865,Cathy Prescott,Corporate,United States,Lakewood,Ohio,44107,East
BM-11785,Alejandro Grove,Consumer,United States,West Jordan,Utah,84084,West
LT-17110,Christine Sundaresam,Consumer,United States,Fairfield,Connecticut,6824,East
JK-15730,Darren Budd,Corporate,United States,Los Angeles,California,90004,West
ES-14020,Cathy Prescott,Corporate,United States,Lakewood,Ohio,44107,East
RH-19495,Maribeth Yedwab,Corporate,United States,San Antonio,Texas,78207,Central
CD-11920,Alan Schoenberger,Corporate,United States,Provo,Utah,84604,West
HW-14935,Anne Pryor,Home Office,United States,Frisco,Texas,75034,Central
MC-18130,Keith Herrera,Consumer,United States,Pomona,California,91767,West
GM-14440,Anne Pryor,Home Office,United States,Frisco,Texas,75034,Central
PJ-19015,Keith Herrera,Consumer,United States,Pomona,California,91767,West
BW-11110,Alan Schoenberger,Corporate,United States,Provo,Utah,84604,West
TR-21325,Chris Cortes,Consumer,United States,Westminster,California,92683,West
PG-18820,Keith Herrera,Consumer,United States,Pomona,California,91767,West
JL-15175,Darren Budd,Corporate,United States,Los Angeles,California,90004,West
BM-11650,Alejandro Grove,Consumer,United States,West Jordan,Utah,84084,West
EM-14095,Cathy Prescott,Corporate,United States,Lakewood,Ohio,44107,East
AF-10885,Art Foster,Consumer,United States,Louisville,Kentucky,40214,South
GA-14725,Anne Pryor,Home Office,United States,Frisco,Texas,75034,Central
CK-12760,Alan Schoenberger,Corporate,United States,Provo,Utah,84604,West
DP-13105,Cathy Prescott,Corporate,United States,Lakewood,Ohio,44107,East
BK-11260,Alejandro Grove,Consumer,United States,West Jordan,Utah,84084,West
SJ-20125,Brendan Murry,Corporate,United States,Los Angeles,California,90045,West
CM-12445,Craig Leslie,Home Office,United States,Springfield,Missouri,65807,Central
AJ-10780,Alejandro Grove,Consumer,United States,West Jordan,Utah,84084,West
LS-16945,Brendan Sweed,Corporate,United States,Philadelphia,Pennsylvania,19140,East
GP-14740,Anne Pryor,Home Office,United States,Frisco,Texas,75034,Central
PK-18910,Keith Herrera,Consumer,United States,Pomona,California,91767,West
SM-20005,Brendan Murry,Corporate,United States,Los Angeles,California,90045,West
AG-10765,Alejandro Grove,Consumer,United States,West Jordan,Utah,84084,West
PM-19135,Keith Herrera,Consumer,United States,Pomona,California,91767,West
LL-16840,Brendan Sweed,Corporate,United States,Philadelphia,Pennsylvania,19140,East
JS-15595,Darren Budd,Corporate,United States,Los Angeles,California,90004,West
EL-13735,Cathy Prescott,Corporate,United States,Lakewood,Ohio,44107,East
PC-18745,Keith Herrera,Consumer,United States,Pomona,California,91767,West
HL-15040,Anne Pryor,Home Office,United States,Frisco,Texas,75034,Central
MS-17365,Keith Herrera,Consumer,United States,Pomona,California,91767,West
GB-14530,Anne Pryor,Home Office,United States,Frisco,Texas,75034,Central
JR-16210,Darren Budd,Corporate,United States,Los Angeles,California,90004,West
BE-11335,Alejandro Grove,Consumer,United States,West Jordan,Utah,84084,West
SC-20050,Maribeth Yedwab,Corporate,United States,San Antonio,Texas,78207,Central
RW-19630,Maribeth Yedwab,Corporate,United States,San Antonio,Texas,78207,Central
SE-20110,Brendan Murry,Corporate,United States,Los Angeles,California,90045,West
AH-10075,Alejandro Grove,Consumer,United States,West Jordan,Utah,84084,West
JM-15535,Darren Budd,Corporate,United States,Los Angeles,California,90004,West
JJ-15760,Darren Budd,Corporate,United States,Los Angeles,California,90004,West
RK-19300,Maribeth Yedwab,Corporate,United States,San Antonio,Texas,78207,Central
CG-12040,Alan Schoenberger,Corporate,United States,Provo,Utah,84604,West
RP-19270,Maribeth Yedwab,Corporate,United States,San Antonio,Texas,78207,Central
KC-16255,Darren Budd,Corporate,United States,Los Angeles,California,90004,West
KH-16360,Darren Budd,Corporate,United States,Los Angeles,California,90004,West
GH-14665,Anne Pryor,Home Office,United States,Frisco,Texas,75034,Central
SW-20275,Cindy Chapman,Consumer,United States,Houston,Texas,77070,Central
JA-15970,Anne Pryor,Home Office,United States,Frisco,Texas,75034,Central
DL-12925,Cathy Prescott,Corporate,United States,Lakewood,Ohio,44107,East
LW-16990,Keith Herrera,Consumer,United States,Pomona,California,91767,West
TB-21190,Cindy Chapman,Consumer,United States,Houston,Texas,77070,Central
BS-11800,Bryan Spruell,Home Office,United States,San Diego,California,92037,West
RW-19690,Maribeth Yedwab,Corporate,United States,San Antonio,Texas,78207,Central
TZ-21580,Chris Cortes,Consumer,United States,Westminster,California,92683,West
AS-10630,Alejandro Grove,Consumer,United States,West Jordan,Utah,84084,West
TS-21340,Chris Cortes,Consumer,United States,Westminster,California,92683,West
SL-20155,Brendan Murry,Corporate,United States,Los Angeles,California,90045,West
MW-18235,Keith Herrera,Consumer,United States,Pomona,California,91767,West
RD-19585,Maribeth Yedwab,Corporate,United States,San Antonio,Texas,78207,Central
RA-19945,Maribeth Yedwab,Corporate,United States,San Antonio,Texas,78207,Central
MT-17815,Keith Herrera,Consumer,United States,Pomona,California,91767,West
VG-21790,Chris Cortes,Consumer,United States,Westminster,California,92683,West
JS-15880,Darren Budd,Corporate,United States,Los Angeles,California,90004,West
KM-16225,Darren Budd,Corporate,United States,Los Angeles,California,90004,West
HR-14770,Anne Pryor,Home Office,United States,Frisco,Texas,75034,Central
DE-13255,Cathy Prescott,Corporate,United States,Lakewood,Ohio,44107,East
AG-10390,Alejandro Grove,Consumer,United States,West Jordan,Utah,84084,West
JJ-15445,Darren Budd,Corporate,United States,Los Angeles,California,90004,West
JH-15430,Alejandro Ballentine,Home Office,United States,Philadelphia,Pennsylvania,19134,East
RD-19660,Maribeth Yedwab,Corporate,United States,San Antonio,Texas,78207,Central
MO-17500,Keith Herrera,Consumer,United States,Pomona,California,91767,West
NS-18640,Keith Herrera,Consumer,United States,Pomona,California,91767,West
DG-13300,Cathy Prescott,Corporate,United States,Lakewood,Ohio,44107,East
NF-18595,Keith Herrera,Consumer,United States,Pomona,California,91767,West
MG-17650,Keith Herrera,Consumer,United States,Pomona,California,91767,West
TS-21160,Chris Cortes,Consumer,United States,Westminster,California,92683,West
BD-11620,Alejandro Grove,Consumer,United States,West Jordan,Utah,84084,West
CM-12160,Craig Leslie,Home Office,United States,Springfield,Missouri,65807,Central
SN-20560,Cindy Chapman,Consumer,United States,Houston,Texas,77070,Central
EH-14005,Cathy Prescott,Corporate,United States,Lakewood,Ohio,44107,East
FO-14305,Anne Pryor,Home Office,United States,Frisco,Texas,75034,Central
MS-17710,Keith Herrera,Consumer,United States,Pomona,California,91767,West
CC-12100,Alan Schoenberger,Corporate,United States,Provo,Utah,84604,West
DW-13540,Cathy Prescott,Corporate,United States,Lakewood,Ohio,44107,East
BT-11395,Alan Schoenberger,Corporate,United States,Provo,Utah,84604,West
CY-12745,Cathy Prescott,Corporate,United States,Lakewood,Ohio,44107,East
BT-11485,Alan Schoenberger,Corporate,United States,Provo,Utah,84604,West
PS-19045,Cindy Stewart,Consumer,United States,Los Angeles,California,90036,West
PV-18985,Cindy Stewart,Consumer,United States,Los Angeles,California,90036,West
NM-18520,Keith Herrera,Consumer,United States,Pomona,California,91767,West
DL-13495,Cathy Prescott,Corporate,United States,Lakewood,Ohio,44107,East
CS-12355,Cathy Prescott,Corporate,United States,Lakewood,Ohio,44107,East
FH-14275,Cathy Prescott,Corporate,United States,Lakewood,Ohio,44107,East
NC-18340,Keith Herrera,Consumer,United States,Pomona,California,91767,West
AA-10315,Alex Avila,Consumer,United States,Minneapolis,Minnesota,55407,Central
LT-16765,Christine Sundaresam,Consumer,United States,Fairfield,Connecticut,6824,East
AP-10720,Alejandro Grove,Consumer,United States,West Jordan,Utah,84084,West
PM-18940,Keith Herrera,Consumer,United States,Pomona,California,91767,West
AT-10435,Alejandro Grove,Consumer,United States,West Jordan,Utah,84084,West
CA-12055,Alan Schoenberger,Corporate,United States,Provo,Utah,84604,West
HR-14830,Anne Pryor,Home Office,United States,Frisco,Texas,75034,Central
BT-11530,Alan Schoenberger,Corporate,United States,Provo,Utah,84604,West
LH-16750,Brendan Sweed,Corporate,United States,Philadelphia,Pennsylvania,19140,East
SW-20755,Cindy Chapman,Consumer,United States,Houston,Texas,77070,Central
SP-20620,Cindy Chapman,Consumer,United States,Houston,Texas,77070,Central
BF-11170,Alejandro Grove,Consumer,United States,West Jordan,Utah,84084,West
KT-16480,Brendan Sweed,Corporate,United States,Philadelphia,Pennsylvania,19140,East
BG-11695,Alejandro Grove,Consumer,United States,West Jordan,Utah,84084,West
GM-14680,Anne Pryor,Home Office,United States,Frisco,Texas,75034,Central
EJ-14155,Cathy Prescott,Corporate,United States,Lakewood,Ohio,44107,East
NP-18700,Keith Herrera,Consumer,United States,Pomona,California,91767,West
MH-18115,Keith Herrera,Consumer,United States,Pomona,California,91767,West
JR-15700,Darren Budd,Corporate,United States,Los Angeles,California,90004,West
SM-20950,Suzanne McNair,Corporate,United States,New York City,New York,10035,East
CC-12220,Alan Schoenberger,Corporate,United States,Provo,Utah,84604,West
PF-19225,Keith Herrera,Consumer,United States,Pomona,California,91767,West
DC-12850,Cathy Prescott,Corporate,United States,Lakewood,Ohio,44107,East
BD-11770,Alejandro Grove,Consumer,United States,West Jordan,Utah,84084,West
GM-14500,Anne Pryor,Home Office,United States,Frisco,Texas,75034,Central
TB-21355,Cindy Chapman,Consumer,United States,Houston,Texas,77070,Central
JH-16180,Darren Budd,Corporate,United States,Los Angeles,California,90004,West
EB-13975,Cathy Prescott,Corporate,United States,Lakewood,Ohio,44107,East
QJ-19255,Maribeth Yedwab,Corporate,United States,San Antonio,Texas,78207,Central
TC-21535,Katherine Nockton,Corporate,United States,Santa Barbara,California,93101,West
CS-12460,Cathy Prescott,Corporate,United States,Lakewood,Ohio,44107,East
HG-14965,Anne Pryor,Home Office,United States,Frisco,Texas,75034,Central
LW-16825,Laurel Workman,Corporate,United States,Phoenix,Arizona,85023,West
MC-17575,Keith Herrera,Consumer,United States,Pomona,California,91767,West
LP-17095,Brendan Sweed,Corporate,United States,Philadelphia,Pennsylvania,19140,East
EB-14170,Cathy Prescott,Corporate,United States,Lakewood,Ohio,44107,East
GZ-14545,Anne Pryor,Home Office,United States,Frisco,Texas,75034,Central
CP-12085,Craig Leslie,Home Office,United States,Springfield,Missouri,65807,Central
FG-14260,Cathy Prescott,Corporate,United States,Lakewood,Ohio,44107,East
LD-17005,Brendan Sweed,Corporate,United States,Philadelphia,Pennsylvania,19140,East
AB-10255,Alejandro Ballentine,Home Office,United States,Lorain,Ohio,44052,East
MN-17935,Keith Herrera,Consumer,United States,Pomona,California,91767,West
JR-15670,Darren Budd,Corporate,United States,Los Angeles,California,90004,West
JF-15190,Alejandro Ballentine,Home Office,United States,Philadelphia,Pennsylvania,19134,East
CM-12115,Craig Leslie,Home Office,United States,Springfield,Missouri,65807,Central
AS-10045,Alejandro Grove,Consumer,United States,West Jordan,Utah,84084,West
BP-11290,Adam Bellavance,Home Office,United States,New York City,New York,10009,East
ND-18370,Keith Herrera,Consumer,United States,Pomona,California,91767,West
LB-16735,Brendan Sweed,Corporate,United States,Philadelphia,Pennsylvania,19140,East
KT-16465,Brendan Sweed,Corporate,United States,Philadelphia,Pennsylvania,19140,East
HM-14860,Anne Pryor,Home Office,United States,Frisco,Texas,75034,Central
AB-10600,Ann Blume,Corporate,United States,Tucson,Arizona,85705,West
SZ-20035,Cindy Chapman,Consumer,United States,Houston,Texas,77070,Central
MG-17890,Keith Herrera,Consumer,United States,Pomona,California,91767,West
JK-16120,Darren Budd,Corporate,United States,Los Angeles,California,90004,West
PP-18955,Keith Herrera,Consumer,United States,Pomona,California,91767,West
YS-21880,Chris Cortes,Consumer,United States,Westminster,California,92683,West
KM-16375,Darren Budd,Corporate,United States,Los Angeles,California,90004,West
AB-10105,Adrian Barton,Consumer,United States,Phoenix,Arizona,85023,West
HA-14905,Anne Pryor,Home Office,United States,Frisco,Texas,75034,Central
BT-11305,Alan Schoenberger,Corporate,United States,Provo,Utah,84604,West
SV-20815,Cindy Chapman,Consumer,United States,Houston,Texas,77070,Central
RW-19540,Maribeth Yedwab,Corporate,United States,San Antonio,Texas,78207,Central
DK-12835,Cathy Prescott,Corporate,United States,Lakewood,Ohio,44107,East
ST-20530,Cindy Chapman,Consumer,United States,Houston,Texas,77070,Central
MM-17920,Keith Herrera,Consumer,United States,Pomona,California,91767,West
PW-19030,Pauline Webber,Corporate,United States,New York City,New York,10009,East
SC-20440,Brendan Murry,Corporate,United States,Los Angeles,California,90045,West
TS-21085,Chris Cortes,Consumer,United States,Westminster,California,92683,West
MC-17425,Keith Herrera,Consumer,United States,Pomona,California,91767,West
ME-17320,Keith Herrera,Consumer,United States,Pomona,California,91767,West
NH-18610,Keith Herrera,Consumer,United States,Pomona,California,91767,West
MB-18085,Keith Herrera,Consumer,United States,Pomona,California,91767,West
KD-16495,Darren Budd,Corporate,United States,Los Angeles,California,90004,West
KN-16390,Darren Budd,Corporate,United States,Los Angeles,California,90004,West
NP-18685,Keith Herrera,Consumer,United States,Pomona,California,91767,West
CS-12505,Cathy Prescott,Corporate,United States,Lakewood,Ohio,44107,East
MS-17770,Keith Herrera,Consumer,United States,Pomona,California,91767,West
CM-12655,Craig Leslie,Home Office,United States,Springfield,Missouri,65807,Central
Co-12640,Craig Leslie,Home Office,United States,Springfield,Missouri,65807,Central
TS-21370,Chris Cortes,Consumer,United States,Westminster,California,92683,West
JW-15220,Darren Budd,Corporate,United States,Los Angeles,California,90004,West
JD-15790,Anne Pryor,Home Office,United States,Frisco,Texas,75034,Central
PC-19000,Keith Herrera,Consumer,United States,Pomona,California,91767,West
AR-10540,Alejandro Grove,Consumer,United States,West Jordan,Utah,84084,West
AI-10855,Alejandro Grove,Consumer,United States,West Jordan,Utah,84084,West
TB-21400,Cindy Chapman,Consumer,United States,Houston,Texas,77070,Central
PL-18925,Keith Herrera,Consumer,United States,Pomona,California,91767,West
GH-14425,Anne Pryor,Home Office,United States,Frisco,Texas,75034,Central
MP-18175,Keith Herrera,Consumer,United States,Pomona,California,91767,West
JM-15655,Darren Budd,Corporate,United States,Los Angeles,California,90004,West
CL-11890,Alan Schoenberger,Corporate,United States,Provo,Utah,84604,West
DB-13270,Cathy Prescott,Corporate,United States,Lakewood,Ohio,44107,East
IG-15085,Anne Pryor,Home Office,United States,Frisco,Texas,75034,Central
BO-11425,Alejandro Grove,Consumer,United States,West Jordan,Utah,84084,West
AB-10150,Aimee Bixby,Consumer,United States,Long Beach,New York,11561,East
JW-16075,Darren Budd,Corporate,United States,Los Angeles,California,90004,West
EB-13750,Cathy Prescott,Corporate,United States,Lakewood,Ohio,44107,East
SG-20470,Brendan Murry,Corporate,United States,Los Angeles,California,90045,West
CM-12190,Craig Leslie,Home Office,United States,Springfield,Missouri,65807,Central
AW-10840,Alejandro Grove,Consumer,United States,West Jordan,Utah,84084,West
MC-18100,Keith Herrera,Consumer,United States,Pomona,California,91767,West
TT-21460,Chris Cortes,Consumer,United States,Westminster,California,92683,West
VG-21805,Chris Cortes,Consumer,United States,Westminster,California,92683,West
MY-18295,Keith Herrera,Consumer,United States,Pomona,California,91767,West
RD-19480,Maribeth Yedwab,Corporate,United States,San Antonio,Texas,78207,Central
DP-13390,Cathy Prescott,Corporate,United States,Lakewood,Ohio,44107,East
ML-17395,Keith Herrera,Consumer,United States,Pomona,California,91767,West
JC-15385,Anne Pryor,Home Office,United States,Frisco,Texas,75034,Central
JG-15160,Alejandro Ballentine,Home Office,United States,Philadelphia,Pennsylvania,19134,East
MC-17275,Keith Herrera,Consumer,United States,Pomona,California,91767,West
NW-18400,Keith Herrera,Consumer,United States,Pomona,California,91767,West
TB-21280,Cindy Chapman,Consumer,United States,Houston,Texas,77070,Central
BS-11380,Adam Bellavance,Home Office,United States,New York City,New York,10009,East
HH-15010,Anne Pryor,Home Office,United States,Frisco,Texas,75034,Central
CD-12280,Alan Schoenberger,Corporate,United States,Provo,Utah,84604,West
TH-21100,Katherine Nockton,Corporate,United States,Santa Barbara,California,93101,West
MM-18055,Keith Herrera,Consumer,United States,Pomona,California,91767,West
NS-18505,Keith Herrera,Consumer,United States,Pomona,California,91767,West
RB-19645,Maribeth Yedwab,Corporate,United States,San Antonio,Texas,78207,Central
SW-20455,Cindy Chapman,Consumer,United States,Houston,Texas,77070,Central
EB-13930,Cathy Prescott,Corporate,United States,Lakewood,Ohio,44107,East
PS-18760,Pamela Stobb,Consumer,United States,Philadelphia,Pennsylvania,19140,East
HF-14995,Anne Pryor,Home Office,United States,Frisco,Texas,75034,Central
HZ-14950,Anne Pryor,Home Office,United States,Frisco,Texas,75034,Central
CD-12790,Alan Schoenberger,Corporate,United States,Provo,Utah,84604,West
JK-15205,Darren Budd,Corporate,United States,Los Angeles,California,90004,West
FM-14215,Bruce Degenhardt,Consumer,United States,Newark,Ohio,43055,East
ED-13885,Cathy Prescott,Corporate,United States,Lakewood,Ohio,44107,East
DA-13450,Cathy Prescott,Corporate,United States,Lakewood,Ohio,44107,East
JW-15955,Darren Budd,Corporate,United States,Los Angeles,California,90004,West
RM-19375,Maribeth Yedwab,Corporate,United States,San Antonio,Texas,78207,Central
ML-17755,Keith Herrera,Consumer,United States,Pomona,California,91767,West
CC-12685,Alan Schoenberger,Corporate,United States,Provo,Utah,84604,West
JE-15610,Jim Epp,Corporate,United States,Lakeland,Florida,33801,South
RP-19855,Maribeth Yedwab,Corporate,United States,San Antonio,Texas,78207,Central
TB-21175,Cindy Chapman,Consumer,United States,Houston,Texas,77070,Central
BE-11455,Alejandro Grove,Consumer,United States,West Jordan,Utah,84084,West
JF-15565,Alejandro Ballentine,Home Office,United States,Philadelphia,Pennsylvania,19134,East
PB-19210,Keith Herrera,Consumer,United States,Pomona,California,91767,West
BT-11680,Alan Schoenberger,Corporate,United States,Provo,Utah,84604,West
JL-15235,Darren Budd,Corporate,United States,Los Angeles,California,90004,West
CH-12070,Alan Schoenberger,Corporate,United States,Provo,Utah,84604,West
ND-18460,Keith Herrera,Consumer,United States,Pomona,California,91767,West
BF-10975,Alejandro Grove,Consumer,United States,West Jordan,Utah,84084,West
KH-16330,Darren Budd,Corporate,United States,Los Angeles,California,90004,West
GW-14605,Anne Pryor,Home Office,United States,Frisco,Texas,75034,Central
NC-18625,Keith Herrera,Consumer,United States,Pomona,California,91767,West
ME-18010,Keith Herrera,Consumer,United States,Pomona,California,91767,West
BP-11230,Adam Bellavance,Home Office,United States,New York City,New York,10009,East
JC-15775,Anne Pryor,Home Office,United States,Frisco,Texas,75034,Central
AS-10090,Alejandro Grove,Consumer,United States,West Jordan,Utah,84084,West
AC-10450,Amy Cox,Consumer,United States,Minneapolis,Minnesota,55407,Central
MD-17860,Keith Herrera,Consumer,United States,Pomona,California,91767,West
DB-13660,Cathy Prescott,Corporate,United States,Lakewood,Ohio,44107,East
EH-13990,Cathy Prescott,Corporate,United States,Lakewood,Ohio,44107,East
EH-13765,Cathy Prescott,Corporate,United States,Lakewood,Ohio,44107,East
SC-20230,Scot Coram,Corporate,United States,Los Angeles,California,90004,West
JE-15715,Alejandro Ballentine,Home Office,United States,Philadelphia,Pennsylvania,19134,East
AC-10615,Ann Chong,Corporate,United States,New York City,New York,10009,East
JD-16015,Anne Pryor,Home Office,United States,Frisco,Texas,75034,Central
CB-12415,Alan Schoenberger,Corporate,United States,Provo,Utah,84604,West
JS-16030,Darren Budd,Corporate,United States,Los Angeles,California,90004,West
LW-17215,Keith Herrera,Consumer,United States,Pomona,California,91767,West
SC-20800,Brendan Murry,Corporate,United States,Los Angeles,California,90045,West
AM-10705,Alejandro Grove,Consumer,United States,West Jordan,Utah,84084,West
RH-19510,Maribeth Yedwab,Corporate,United States,San Antonio,Texas,78207,Central
CT-11995,Cathy Prescott,Corporate,United States,Lakewood,Ohio,44107,East
MC-17590,Keith Herrera,Consumer,United States,Pomona,California,91767,West
CC-12610,Alan Schoenberger,Corporate,United States,Provo,Utah,84604,West
KA-16525,Darren Budd,Corporate,United States,Los Angeles,California,90004,West
TC-20980,Cindy Chapman,Consumer,United States,Houston,Texas,77070,Central
BF-11080,Alejandro Grove,Consumer,United States,West Jordan,Utah,84084,West
MM-17260,Keith Herrera,Consumer,United States,Pomona,California,91767,West
AH-10120,Alejandro Grove,Consumer,United States,West Jordan,Utah,84084,West
BW-11200,Alan Schoenberger,Corporate,United States,Provo,Utah,84604,West
SW-20245,Cindy Chapman,Consumer,United States,Houston,Texas,77070,Central
BS-11665,Adam Bellavance,Home Office,United States,New York City,New York,10009,East
RF-19345,Maribeth Yedwab,Corporate,United States,San Antonio,Texas,78207,Central
WB-21850,Chris Cortes,Consumer,United States,Westminster,California,92683,West
TB-21625,Cindy Chapman,Consumer,United States,Houston,Texas,77070,Central
AF-10870,Art Ferguson,Consumer,United States,College Station,Texas,77840,Central
RB-19435,Maribeth Yedwab,Corporate,United States,San Antonio,Texas,78207,Central
KF-16285,Darren Budd,Corporate,United States,Los Angeles,California,90004,West
JH-15820,Alejandro Ballentine,Home Office,United States,Philadelphia,Pennsylvania,19134,East
IL-15100,Anne Pryor,Home Office,United States,Frisco,Texas,75034,Central
PB-18805,Keith Herrera,Consumer,United States,Pomona,California,91767,West
RH-19600,Maribeth Yedwab,Corporate,United States,San Antonio,Texas,78207,Central
AW-10930,Alejandro Grove,Consumer,United States,West Jordan,Utah,84084,West
ML-17410,Keith Herrera,Consumer,United States,Pomona,California,91767,West
DB-13555,Cathy Prescott,Corporate,United States,Lakewood,Ohio,44107,East
MH-17620,Keith Herrera,Consumer,United States,Pomona,California,91767,West
DK-13375,Cathy Prescott,Corporate,United States,Lakewood,Ohio,44107,East
BT-11440,Alan Schoenberger,Corporate,United States,Provo,Utah,84604,West
DB-13405,Cathy Prescott,Corporate,United States,Lakewood,Ohio,44107,East
TG-21310,Katherine Nockton,Corporate,United States,Santa Barbara,California,93101,West
BF-11005,Alejandro Grove,Consumer,United States,West Jordan,Utah,84084,West
JM-16195,Darren Budd,Corporate,United States,Los Angeles,California,90004,West
MZ-17335,Keith Herrera,Consumer,United States,Pomona,California,91767,West
MW-18220,Keith Herrera,Consumer,United States,Pomona,California,91767,West
MV-17485,Keith Herrera,Consumer,United States,Pomona,California,91767,West
SM-20320,Brendan Murry,Corporate,United States,Los Angeles,California,90045,West
TP-21415,Chris Cortes,Consumer,United States,Westminster,California,92683,West
JK-15625,Darren Budd,Corporate,United States,Los Angeles,California,90004,West
PJ-18835,Keith Herrera,Consumer,United States,Pomona,California,91767,West
RS-19420,Maribeth Yedwab,Corporate,United States,San Antonio,Texas,78207,Central
SV-20935,Cindy Chapman,Consumer,United States,Houston,Texas,77070,Central
BC-11125,Alejandro Grove,Consumer,United States,West Jordan,Utah,84084,West
EM-13825,Cathy Prescott,Corporate,United States,Lakewood,Ohio,44107,East
BM-11575,Alejandro Grove,Consumer,United States,West Jordan,Utah,84084,West
KN-16705,Darren Budd,Corporate,United States,Los Angeles,California,90004,West
KW-16570,Brendan Sweed,Corporate,United States,Philadelphia,Pennsylvania,19140,East
SC-20260,Brendan Murry,Corporate,United States,Los Angeles,California,90045,West
CV-12295,Cathy Prescott,Corporate,United States,Lakewood,Ohio,44107,East
SG-20605,Brendan Murry,Corporate,United States,Los Angeles,California,90045,West
TM-21010,Tamara Manning,Consumer,United States,Marion,Iowa,52302,Central
EM-13810,Cathy Prescott,Corporate,United States,Lakewood,Ohio,44107,East
ML-18040,Keith Herrera,Consumer,United States,Pomona,California,91767,West
CR-12580,Craig Leslie,Home Office,United States,Springfield,Missouri,65807,Central
AZ-10750,Alejandro Grove,Consumer,United States,West Jordan,Utah,84084,West
PW-19240,Maribeth Yedwab,Corporate,United States,San Antonio,Texas,78207,Central
SC-20380,Brendan Murry,Corporate,United States,Los Angeles,California,90045,West
CM-11935,Craig Leslie,Home Office,United States,Springfield,Missouri,65807,Central
GM-14695,Anne Pryor,Home Office,United States,Frisco,Texas,75034,Central
TB-21250,Cindy Chapman,Consumer,United States,Houston,Texas,77070,Central
JM-15865,Darren Budd,Corporate,United States,Los Angeles,California,90004,West
SC-20575,Brendan Murry,Corporate,United States,Los Angeles,California,90045,West
LS-17200,Christine Sundaresam,Consumer,United States,Fairfield,Connecticut,6824,East
RR-19315,Maribeth Yedwab,Corporate,United States,San Antonio,Texas,78207,Central
DB-12910,Cathy Prescott,Corporate,United States,Lakewood,Ohio,44107,East
TT-21220,Chris Cortes,Consumer,United States,Westminster,California,92683,West
LO-17170,Brendan Sweed,Corporate,United States,Philadelphia,Pennsylvania,19140,East
KD-16615,Darren Budd,Corporate,United States,Los Angeles,California,90004,West
NB-18580,Keith Herrera,Consumer,United States,Pomona,California,91767,West
BD-11635,Alejandro Grove,Consumer,United States,West Jordan,Utah,84084,West
CM-12235,Craig Leslie,Home Office,United States,Springfield,Missouri,65807,Central
EN-13780,Cathy Prescott,Corporate,United States,Lakewood,Ohio,44107,East
KN-16450,Darren Budd,Corporate,United States,Los Angeles,California,90004,West
BO-11350,Alejandro Grove,Consumer,United States,West Jordan,Utah,84084,West
AG-10300,Alejandro Grove,Consumer,United States,West Jordan,Utah,84084,West
MC-17635,Keith Herrera,Consumer,United States,Pomona,California,91767,West
TA-21385,Cindy Chapman,Consumer,United States,Houston,Texas,77070,Central
JF-15295,Alejandro Ballentine,Home Office,United States,Philadelphia,Pennsylvania,19134,East
TT-21265,Chris Cortes,Consumer,United States,Westminster,California,92683,West
SB-20170,Maribeth Yedwab,Corporate,United States,San Antonio,Texas,78207,Central
CL-12700,Craig Leslie,Home Office,United States,Springfield,Missouri,65807,Central
HG-15025,Anne Pryor,Home Office,United States,Frisco,Texas,75034,Central
NL-18310,Keith Herrera,Consumer,United States,Pomona,California,91767,West
RR-19525,Maribeth Yedwab,Corporate,United States,San Antonio,Texas,78207,Central
TC-21295,Toby Carlisle,Consumer,United States,Westminster,California,92683,West
SV-20785,Cindy Chapman,Consumer,United States,Houston,Texas,77070,Central
BE-11410,Alejandro Grove,Consumer,United States,West Jordan,Utah,84084,West
SC-20680,Brendan Murry,Corporate,United States,Los Angeles,California,90045,West
DF-13135,Cathy Prescott,Corporate,United States,Lakewood,Ohio,44107,East
FH-14350,Fred Harton,Consumer,United States,Seattle,Washington,98105,West
MS-17530,Keith Herrera,Consumer,United States,Pomona,California,91767,West
RH-19555,Maribeth Yedwab,Corporate,United States,San Antonio,Texas,78207,Central
GA-14515,Anne Pryor,Home Office,United States,Frisco,Texas,75034,Central
JP-16135,Darren Budd,Corporate,United States,Los Angeles,California,90004,West
Dp-13240,Cathy Prescott,Corporate,United States,Lakewood,Ohio,44107,East
MO-17950,Keith Herrera,Consumer,United States,Pomona,California,91767,West
DL-13330,Cathy Prescott,Corporate,United States,Lakewood,Ohio,44107,East
MH-18025,Keith Herrera,Consumer,United States,Pomona,California,91767,West
DR-12940,Cathy Prescott,Corporate,United States,Lakewood,Ohio,44107,East
DM-13015,Cathy Prescott,Corporate,United States,Lakewood,Ohio,44107,East
CA-11965,Alan Schoenberger,Corporate,United States,Provo,Utah,84604,West
AC-10660,Anna Chung,Consumer,United States,Huntsville,Texas,77340,Central
DM-13345,Cathy Prescott,Corporate,United States,Lakewood,Ohio,44107,East
VF-21715,Chris Cortes,Consumer,United States,Westminster,California,92683,West
CC-12370,Alan Schoenberger,Corporate,United States,Provo,Utah,84604,West
BF-11275,Alejandro Grove,Consumer,United States,West Jordan,Utah,84084,West
HG-14845,Anne Pryor,Home Office,United States,Frisco,Texas,75034,Central
BP-11155,Alejandro Grove,Consumer,United States,West Jordan,Utah,84084,West
EM-14140,Cathy Prescott,Corporate,United States,Lakewood,Ohio,44107,East
MA-17995,Keith Herrera,Consumer,United States,Pomona,California,91767,West
AY-10555,Alejandro Grove,Consumer,United States,West Jordan,Utah,84084,West
GB-14575,Anne Pryor,Home Office,United States,Frisco,Texas,75034,Central
JB-16045,Anne Pryor,Home Office,United States,Frisco,Texas,75034,Central
MG-17875,Keith Herrera,Consumer,United States,Pomona,California,91767,West
SR-20425,Cindy Chapman,Consumer,United States,Houston,Texas,77070,Central
JB-16000,Anne Pryor,Home Office,United States,Frisco,Texas,75034,Central
DM-12955,Cathy Prescott,Corporate,United States,Lakewood,Ohio,44107,East
TC-21475,Katherine Nockton,Corporate,United States,Santa Barbara,California,93101,West
SW-20350,Cindy Chapman,Consumer,United States,Houston,Texas,77070,Central
RE-19450,Maribeth Yedwab,Corporate,United States,San Antonio,Texas,78207,Central
BF-11215,Alejandro Grove,Consumer,United States,West Jordan,Utah,84084,West
KB-16405,Darren Budd,Corporate,United States,Los Angeles,California,90004,West
JG-15310,Alejandro Ballentine,Home Office,United States,Philadelphia,Pennsylvania,19134,East
EC-14050,Cathy Prescott,Corporate,United States,Lakewood,Ohio,44107,East
EB-14110,Cathy Prescott,Corporate,United States,Lakewood,Ohio,44107,East
JP-15460,Darren Budd,Corporate,United States,Los Angeles,California,90004,West
CS-11845,Craig Leslie,Home Office,United States,Springfield,Missouri,65807,Central
GH-14410,Anne Pryor,Home Office,United States,Frisco,Texas,75034,Central
PT-19090,Cindy Stewart,Consumer,United States,Los Angeles,California,90036,West
JL-15130,Darren Budd,Corporate,United States,Los Angeles,California,90004,West
AH-10030,Alejandro Grove,Consumer,United States,West Jordan,Utah,84084,West
CC-12475,Alan Schoenberger,Corporate,United States,Provo,Utah,84604,West
DW-13195,Cathy Prescott,Corporate,United States,Lakewood,Ohio,44107,East
SJ-20215,Brendan Murry,Corporate,United States,Los Angeles,California,90045,West
BG-11740,Alejandro Grove,Consumer,United States,West Jordan,Utah,84084,West
LB-16795,Brendan Sweed,Corporate,United States,Philadelphia,Pennsylvania,19140,East
CM-11815,Craig Leslie,Home Office,United States,Springfield,Missouri,65807,Central
EH-14185,Cathy Prescott,Corporate,United States,Lakewood,Ohio,44107,East
TS-21505,Chris Cortes,Consumer,United States,Westminster,California,92683,West
PR-18880,Keith Herrera,Consumer,United States,Pomona,California,91767,West
LC-17050,Brendan Sweed,Corporate,United States,Philadelphia,Pennsylvania,19140,East
CS-12490,Cathy Prescott,Corporate,United States,Lakewood,Ohio,44107,East
DH-13075,Cathy Prescott,Corporate,United States,Lakewood,Ohio,44107,East
JO-15145,Darren Budd,Corporate,United States,Los Angeles,California,90004,West
AH-10690,Alejandro Grove,Consumer,United States,West Jordan,Utah,84084,West
HJ-14875,Anne Pryor,Home Office,United States,Frisco,Texas,75034,Central
MH-17455,Keith Herrera,Consumer,United States,Pomona,California,91767,West
RD-19930,Maribeth Yedwab,Corporate,United States,San Antonio,Texas,78207,Central
SC-20020,Maribeth Yedwab,Corporate,United States,San Antonio,Texas,78207,Central
SU-20665,Cindy Chapman,Consumer,United States,Houston,Texas,77070,Central
FC-14335,Cathy Prescott,Corporate,United States,Lakewood,Ohio,44107,East
RB-19330,Maribeth Yedwab,Corporate,United States,San Antonio,Texas,78207,Central
NC-18535,Keith Herrera,Consumer,United States,Pomona,California,91767,West
DB-12970,Cathy Prescott,Corporate,United States,Lakewood,Ohio,44107,East
MF-17665,Keith Herrera,Consumer,United States,Pomona,California,91767,West
RM-19750,Maribeth Yedwab,Corporate,United States,San Antonio,Texas,78207,Central
VM-21835,Chris Cortes,Consumer,United States,Westminster,California,92683,West
EJ-13720,Cathy Prescott,Corporate,United States,Lakewood,Ohio,44107,East
NC-18415,Keith Herrera,Consumer,United States,Pomona,California,91767,West
LS-17230,Christine Sundaresam,Consumer,United States,Fairfield,Connecticut,6824,East
KE-16420,Darren Budd,Corporate,United States,Los Angeles,California,90004,West
DH-13675,Cathy Prescott,Corporate,United States,Lakewood,Ohio,44107,East
PF-19120,Keith Herrera,Consumer,United States,Pomona,California,91767,West
VT-21700,Chris Cortes,Consumer,United States,Westminster,California,92683,West
MG-17695,Keith Herrera,Consumer,United States,Pomona,California,91767,West
SP-20920,Cindy Chapman,Consumer,United States,Houston,Texas,77070,Central
CS-12175,Cathy Prescott,Corporate,United States,Lakewood,Ohio,44107,East
DK-12895,Cathy Prescott,Corporate,United States,Lakewood,Ohio,44107,East
KM-16660,Darren Budd,Corporate,United States,Los Angeles,California,90004,West
AA-10645,Anna Andreadi,Consumer,United States,Chester,Pennsylvania,19013,East
DD-13570,Cathy Prescott,Corporate,United States,Lakewood,Ohio,44107,East
AH-10465,Alejandro Grove,Consumer,United States,West Jordan,Utah,84084,West
TP-21565,Chris Cortes,Consumer,United States,Westminster,California,92683,West
EK-13795,Cathy Prescott,Corporate,United States,Lakewood,Ohio,44107,East
CR-12820,Craig Leslie,Home Office,United States,Springfield,Missouri,65807,Central
SG-20890,Brendan Murry,Corporate,United States,Los Angeles,California,90045,West
AH-10585,Alejandro Grove,Consumer,United States,West Jordan,Utah,84084,West
NF-18475,Keith Herrera,Consumer,United States,Pomona,California,91767,West
BS-11365,Adam Bellavance,Home Office,United States,New York City,New York,10009,East
SH-20635,Brendan Murry,Corporate,United States,Los Angeles,California,90045,West
RD-19720,Maribeth Yedwab,Corporate,United States,San Antonio,Texas,78207,Central
AG-10330,Alejandro Grove,Consumer,United States,West Jordan,Utah,84084,West
GR-14560,Anne Pryor,Home Office,United States,Frisco,Texas,75034,Central
VS-21820,Chris Cortes,Consumer,United States,Westminster,California,92683,West
TM-21490,Chris Cortes,Consumer,United States,Westminster,California,92683,West
TS-21430,Chris Cortes,Consumer,United States,Westminster,California,92683,West
DB-13360,Cathy Prescott,Corporate,United States,Lakewood,Ohio,44107,East
NR-18550,Keith Herrera,Consumer,United States,Pomona,California,91767,West
CS-11860,Craig Leslie,Home Office,United States,Springfield,Missouri,65807,Central
MF-18250,Keith Herrera,Consumer,United States,Pomona,California,91767,West
LW-17125,Keith Herrera,Consumer,United States,Pomona,California,91767,West
AR-10345,Alejandro Grove,Consumer,United States,West Jordan,Utah,84084,West
KS-16300,Karen Seio,Corporate,United States,Raleigh,North Carolina,27604,South
AB-10015,Aaron Bergman,Consumer,United States,Seattle,Washington,98103,West
LR-17035,Brendan Sweed,Corporate,United States,Philadelphia,Pennsylvania,19140,East
SS-20410,Cindy Chapman,Consumer,United States,Houston,Texas,77070,Central
JM-15580,Darren Budd,Corporate,United States,Los Angeles,California,90004,West
JK-15325,Darren Budd,Corporate,United States,Los Angeles,California,90004,West
DM-13525,Cathy Prescott,Corporate,United States,Lakewood,Ohio,44107,East
ML-18265,Keith Herrera,Consumer,United States,Pomona,California,91767,West
MH-17290,Keith Herrera,Consumer,United States,Pomona,California,91767,West
FC-14245,Cathy Prescott,Corporate,United States,Lakewood,Ohio,44107,East
TH-21115,Katherine Nockton,Corporate,United States,Santa Barbara,California,93101,West
JK-16090,Darren Budd,Corporate,United States,Los Angeles,California,90004,West
SB-20185,Maribeth Yedwab,Corporate,United States,San Antonio,Texas,78207,Central
BG-11035,Alejandro Grove,Consumer,United States,West Jordan,Utah,84084,West
BW-11065,Alan Schoenberger,Corporate,United States,Provo,Utah,84604,West
MG-18205,Keith Herrera,Consumer,United States,Pomona,California,91767,West
DO-13645,Cathy Prescott,Corporate,United States,Lakewood,Ohio,44107,East
BP-11050,Alejandro Grove,Consumer,United States,West Jordan,Utah,84084,West
TS-21655,Chris Cortes,Consumer,United States,Westminster,California,92683,West
EM-14200,Cathy Prescott,Corporate,United States,Lakewood,Ohio,44107,East
AO-10810,Alejandro Grove,Consumer,United States,West Jordan,Utah,84084,West
MH-17440,Keith Herrera,Consumer,United States,Pomona,California,91767,West
SS-20515,Cindy Chapman,Consumer,United States,Houston,Texas,77070,Central
LD-16855,Brendan Sweed,Corporate,United States,Philadelphia,Pennsylvania,19140,East
VP-21760,Chris Cortes,Consumer,United States,Westminster,California,92683,West
TC-21145,Cindy Chapman,Consumer,United States,Houston,Texas,77070,Central
IM-15055,Anne Pryor,Home Office,United States,Frisco,Texas,75034,Central
AR-10570,Alejandro Grove,Consumer,United States,West Jordan,Utah,84084,West
CM-12715,Craig Leslie,Home Office,United States,Springfield,Missouri,65807,Central
FW-14395,Anne Pryor,Home Office,United States,Frisco,Texas,75034,Central
LC-16960,Brendan Sweed,Corporate,United States,Philadelphia,Pennsylvania,19140,East
HE-14800,Anne Pryor,Home Office,United States,Frisco,Texas,75034,Central
BD-11560,Alejandro Grove,Consumer,United States,West Jordan,Utah,84084,West
HD-14785,Anne Pryor,Home Office,United States,Frisco,Texas,75034,Central
CJ-11875,Alan Schoenberger,Corporate,United States,Provo,Utah,84604,West
RS-19870,Maribeth Yedwab,Corporate,United States,San Antonio,Texas,78207,Central
SC-20845,Brendan Murry,Corporate,United States,Los Angeles,California,90045,West
RE-19405,Maribeth Yedwab,Corporate,United States,San Antonio,Texas,78207,Central
SM-20905,Brendan Murry,Corporate,United States,Los Angeles,California,90045,West
